emp_id,contact_name,relation,contact_phone
AR0001,제갈공명,조부모,010-1929-4642
AR0002,김혜윤,부,010-4398-5543
AR0003,이민호,배우자,010-2558-8269
AR0004,김제니,모,010-5846-9666
AR0005,박서준,모,010-4765-9293
AR0006,정소민,부,010-4423-5829
AR0007,배수지,모,010-2247-8858
AR0008,우도환,형제자매,010-3044-8827
AR0009,박지연,모,010-2852-6826
AR0010,정조이,부,010-8803-9054
LS0001,이지은,부,010-5598-1820
LS0002,장기용,배우자,010-1104-3002
LS0003,정윤아,모,010-9323-6670
LS0004,정해인,부,010-2662-4269
LS0005,박하선,조부모,010-3225-7237
LS0006,이도현,부,010-2369-9512
LS0007,정채연,부,010-8908-6267
LS0008,서강준,형제자매,010-3834-5757
LS0009,임영웅,배우자,010-6178-9275
LS0010,강영석,모,010-3587-7520
ME0001,전혜진,부,010-4360-3294
ME0002,이동욱,모,010-8074-8852
ME0003,박온유,배우자,010-2429-2924
ME0004,이현우,배우자,010-6417-6946
ME0005,정동원,부,010-2537-6249
ME0006,하성운,형제자매,010-4477-8548
ME0007,윤세아,부,010-7484-2676
ME0008,유승호,배우자,010-7683-8936
ME0009,김태형,배우자,010-9017-5198
ME0010,전소미,모,010-3236-6606
EL0001,박지훈,조부모,010-8590-1227
EL0002,정수정,모,010-3488-8640
EL0003,이승기,조부모,010-6899-6454
EL0004,김민재,배우자,010-9467-5802
EL0005,김지원,형제자매,010-9777-5463
EL0006,황민현,형제자매,010-1902-6176
EL0007,남주혁,조부모,010-5323-2004
EL0008,남지현,형제자매,010-2866-4525
EL0009,박보영,모,010-2600-6751
EL0010,전정국,부,010-8356-8215
QC0001,박찬열,조부모,010-9411-8322
QC0002,홍종현,형제자매,010-3828-2285
QC0003,송강,모,010-5748-7985
QC0004,최아이린,조부모,010-7085-7879
QC0005,송중기,형제자매,010-7416-5330
QC0006,이세영,배우자,010-5099-1119
QC0007,류화영,모,010-3941-7737
QC0008,한소희,조부모,010-5291-8774
QC0009,이민호,배우자,010-9249-5467
QC0010,이설현,배우자,010-7700-9631
DS0001,유아인,배우자,010-9079-9846
DS0002,류준열,부,010-4856-7134
DS0003,박은빈,조부모,010-1049-1044
DS0004,강다니엘,모,010-8753-7234
DS0005,정은지,조부모,010-9815-4775
DS0006,이하이,모,010-8659-7398
DS0007,도경수,모,010-2486-7379
DS0008,육성재,형제자매,010-1699-9504
DS0009,김소현,형제자매,010-7699-4530
DS0010,윤찬영,부,010-5175-6862
SA0001,차은우,모,010-2116-6518
SA0002,한지민,모,010-5798-6679
SA0003,박지수,조부모,010-2131-1610
SA0004,김지민,모,010-5834-8212
SA0005,변백현,형제자매,010-3761-6167
SA0006,김남길,형제자매,010-9780-2846
SA0007,김유정,형제자매,010-4413-6418
SA0008,강하늘,모,010-7856-4517
SA0009,고아라,모,010-8487-1988
SA0010,김혜수,형제자매,010-3090-1855
CM0001,정용화,배우자,010-8930-6924
CM0002,이노제,모,010-1010-7156
CM0003,김세정,조부모,010-6117-7460
CM0004,김태연,조부모,010-3593-1342
CM0005,박보검,부,010-3107-3255
CM0006,고윤정,조부모,010-3907-1660
CM0007,서예지,형제자매,010-4448-2820
CM0008,박형식,배우자,010-6388-5781
CM0009,김연아,모,010-1850-8626
CM0010,채수빈,모,010-5332-3966
AD0001,이찬혁,모,010-5008-8862
AD0002,주지훈,모,010-1690-3186
AD0003,한예슬,배우자,010-2047-1220
AD0004,김태리,조부모,010-7051-5756
AD0005,김보라,형제자매,010-6602-6489
AD0006,김다미,부,010-8764-6924
AD0007,임지연,부,010-5796-1372
AD0008,이성경,조부모,010-7860-2867
AD0009,오연서,조부모,010-5078-6277
AD0010,장원영,조부모,010-4366-4548
EN0001,신세경,모,010-7856-9794
EN0002,박로제,모,010-5096-9737
EN0003,신예은,부,010-8008-9128
EN0004,서인국,조부모,010-4409-1071
EN0005,이준호,모,010-4574-7732
EN0006,이영지,부,010-8958-4238
EN0007,남진,형제자매,010-5547-8417
EN0008,전지현,형제자매,010-4261-3004
EN0009,한선화,형제자매,010-1453-2469
EN0010,최도영,배우자,010-3585-5772
