emp_id,name,dept,position,phone,email,addr,birth,gender,age,picture,password
AR0001,김하린,건축,부장,010-8503-1023,user1@example.com,대전시 북구 중앙로 14길 27호,1988-11-24,F,37,/root/MindPark/database/picture/woman8,19881124
AR0002,이서우,건축,차장,010-5189-2543,user2@example.com,대구시 해운대구 한빛로 23길 39호,1980-12-18,M,45,/root/MindPark/database/picture/man2,19801218
AR0003,박지안,건축,과장,010-4624-4092,user3@example.com,창원시 수성구 청춘로 48길 12호,1975-03-21,M,50,/root/MindPark/database/picture/man5,19750321
AR0004,최도윤,건축,대리,010-7129-8939,user4@example.com,서울시 달서구 광안로 95길 94호,1984-05-02,M,41,/root/MindPark/database/picture/man3,19840502
AR0005,정예빈,건축,대리,010-6771-1903,user5@example.com,부산시 팔달구 문화로 54길 88호,1976-04-25,M,49,/root/MindPark/database/picture/man14,19760425
AR0006,강하진,건축,주임,010-6385-1591,user6@example.com,부산시 달서구 무역로 7길 72호,1977-01-06,F,48,/root/MindPark/database/picture/woman1,19770106
AR0007,윤지호,건축,주임,010-5270-5758,user7@example.com,울산시 북구 청춘로 58길 71호,1980-07-18,F,45,/root/MindPark/database/picture/woman8,19800718
AR0008,조예은,건축,사원,010-4031-1834,user8@example.com,부산시 중구 소프트웨어로 17길 14호,1981-04-11,M,44,/root/MindPark/database/picture/man13,19810411
AR0009,임하율,건축,사원,010-3783-8839,user9@example.com,세종시 해운대구 한강로 94길 33호,2000-09-05,M,25,/root/MindPark/database/picture/man6,20000905
AR0010,서민재,건축,사원,010-2449-1962,user10@example.com,대구시 수성구 문화로 7길 74호,1977-06-14,M,48,/root/MindPark/database/picture/man12,19770614
LS0001,오지아,토목(조경),부장,010-8095-1610,user11@example.com,대전시 남구 문화로 4길 82호,1999-03-28,M,26,/root/MindPark/database/picture/man12,19990328
LS0002,배유진,토목(조경),차장,010-6332-9938,user12@example.com,창원시 달서구 청춘로 67길 78호,1970-02-27,M,55,/root/MindPark/database/picture/man6,19700227
LS0003,신태윤,토목(조경),과장,010-2926-3436,user13@example.com,수원시 남구 광안로 2길 91호,1980-11-19,M,45,/root/MindPark/database/picture/man9,19801119
LS0004,하예준,토목(조경),대리,010-9090-3024,user14@example.com,대구시 팔달구 광안로 97길 10호,1995-11-26,M,30,/root/MindPark/database/picture/man3,19951126
LS0005,문가은,토목(조경),대리,010-6933-2433,user15@example.com,대구시 동구 소프트웨어로 5길 7호,1983-06-06,M,42,/root/MindPark/database/picture/man7,19830606
LS0006,권시후,토목(조경),주임,010-6703-1156,user16@example.com,울산시 수성구 소프트웨어로 37길 34호,1984-05-17,M,41,/root/MindPark/database/picture/man9,19840517
LS0007,장은우,토목(조경),주임,010-4721-5307,user17@example.com,대구시 달서구 한강로 20길 39호,1980-01-03,M,45,/root/MindPark/database/picture/man9,19800103
LS0008,유지안,토목(조경),사원,010-8690-4952,user18@example.com,수원시 북구 한강로 23길 45호,1986-10-28,M,39,/root/MindPark/database/picture/man15,19861028
LS0009,노하영,토목(조경),사원,010-8687-4133,user19@example.com,인천시 달서구 백제대로 62길 32호,1973-01-22,M,52,/root/MindPark/database/picture/man5,19730122
LS0010,송다율,토목(조경),사원,010-7435-7918,user20@example.com,대전시 팔달구 중앙로 80길 3호,1970-10-04,M,55,/root/MindPark/database/picture/man12,19701004
ME0001,한서진,설비,부장,010-2533-1567,user21@example.com,창원시 중구 문화로 92길 82호,1975-06-08,M,50,/root/MindPark/database/picture/man3,19750608
ME0002,백민준,설비,차장,010-6567-1258,user22@example.com,울산시 서구 청춘로 88길 3호,1975-10-05,M,50,/root/MindPark/database/picture/man9,19751005
ME0003,김하은,설비,과장,010-7988-3810,user23@example.com,창원시 수성구 한빛로 97길 65호,1978-07-26,M,47,/root/MindPark/database/picture/man2,19780726
ME0004,이준서,설비,대리,010-6872-5065,user24@example.com,대구시 남구 한빛로 53길 11호,1989-03-22,M,36,/root/MindPark/database/picture/man2,19890322
ME0005,정하진,설비,대리,010-6891-7152,user25@example.com,세종시 남구 한강로 69길 33호,2000-02-12,F,25,/root/MindPark/database/picture/woman7,20000212
ME0006,조유나,설비,주임,010-4462-7031,user26@example.com,인천시 해운대구 중앙로 71길 79호,1970-08-20,M,55,/root/MindPark/database/picture/man10,19700820
ME0007,박다인,설비,주임,010-5188-5788,user27@example.com,광주시 팔달구 무역로 48길 58호,1970-07-18,M,55,/root/MindPark/database/picture/man1,19700718
ME0008,황지윤,설비,사원,010-4078-5034,user28@example.com,인천시 북구 청춘로 44길 44호,1970-06-20,M,55,/root/MindPark/database/picture/man12,19700620
ME0009,강서우,설비,사원,010-2613-7388,user29@example.com,세종시 남구 백제대로 94길 5호,1998-03-03,M,27,/root/MindPark/database/picture/man5,19980303
ME0010,윤태민,설비,사원,010-4792-9911,user30@example.com,창원시 남구 삼성로 83길 99호,1979-11-17,M,46,/root/MindPark/database/picture/man5,19791117
EL0001,김예린,전기,부장,010-2751-6946,user31@example.com,대전시 수성구 무역로 73길 100호,1972-12-23,M,53,/root/MindPark/database/picture/man1,19721223
EL0002,이현우,전기,차장,010-6750-7503,user32@example.com,대전시 중구 무역로 50길 15호,2000-06-05,M,25,/root/MindPark/database/picture/man1,20000605
EL0003,박가영,전기,과장,010-9949-2639,user33@example.com,서울시 서구 무역로 49길 65호,1980-03-28,M,45,/root/MindPark/database/picture/man5,19800328
EL0004,최지훈,전기,대리,010-6390-1968,user34@example.com,광주시 강서구 삼성로 71길 83호,1998-08-15,M,27,/root/MindPark/database/picture/man3,19980815
EL0005,정지우,전기,대리,010-5261-9709,user35@example.com,서울시 달서구 한빛로 63길 20호,1987-12-27,M,38,/root/MindPark/database/picture/man2,19871227
EL0006,강민성,전기,주임,010-9611-8374,user36@example.com,대구시 서구 백제대로 83길 48호,1986-06-01,M,39,/root/MindPark/database/picture/man15,19860601
EL0007,윤도연,전기,주임,010-2880-2698,user37@example.com,인천시 남구 무역로 95길 52호,1970-11-04,M,55,/root/MindPark/database/picture/man11,19701104
EL0008,조하늘,전기,사원,010-6069-6680,user38@example.com,서울시 동구 소프트웨어로 6길 61호,1994-12-05,M,31,/root/MindPark/database/picture/man10,19941205
EL0009,임태민,전기,사원,010-2478-7252,user39@example.com,창원시 해운대구 무역로 85길 57호,1981-11-19,F,44,/root/MindPark/database/picture/woman1,19811119
EL0010,서지민,전기,사원,010-4533-9213,user40@example.com,세종시 북구 청춘로 95길 98호,1985-12-11,M,40,/root/MindPark/database/picture/man7,19851211
QC0001,오서현,품질,부장,010-4000-9066,user41@example.com,대구시 강서구 삼성로 77길 25호,1972-08-24,M,53,/root/MindPark/database/picture/man1,19720824
QC0002,배은지,품질,차장,010-7257-2335,user42@example.com,울산시 북구 한빛로 76길 66호,1982-01-04,F,43,/root/MindPark/database/picture/woman6,19820104
QC0003,신주원,품질,과장,010-8067-5882,user43@example.com,대구시 서구 중앙로 74길 90호,1976-08-05,M,49,/root/MindPark/database/picture/man1,19760805
QC0004,하시윤,품질,대리,010-5436-2493,user44@example.com,대구시 북구 소프트웨어로 79길 81호,1988-02-23,F,37,/root/MindPark/database/picture/woman6,19880223
QC0005,문윤서,품질,대리,010-9569-6364,user45@example.com,부산시 수성구 백제대로 59길 51호,1970-10-28,M,55,/root/MindPark/database/picture/man4,19701028
QC0006,권하준,품질,주임,010-9266-6440,user46@example.com,창원시 강서구 중앙로 90길 61호,1976-09-14,M,49,/root/MindPark/database/picture/man9,19760914
QC0007,장은별,품질,주임,010-1626-3842,user47@example.com,인천시 해운대구 광안로 45길 4호,1995-05-07,M,30,/root/MindPark/database/picture/man13,19950507
QC0008,유예찬,품질,사원,010-4655-5692,user48@example.com,광주시 북구 문화로 49길 89호,1984-12-23,M,41,/root/MindPark/database/picture/man12,19841223
QC0009,노채원,품질,사원,010-7637-4293,user49@example.com,대구시 중구 한강로 28길 62호,1971-08-26,M,54,/root/MindPark/database/picture/man8,19710826
QC0010,송서현,품질,사원,010-4249-2123,user50@example.com,수원시 강서구 광안로 22길 60호,1992-11-26,F,33,/root/MindPark/database/picture/woman8,19921126
DS0001,한지후,설계,부장,010-8297-7592,user51@example.com,수원시 달서구 한빛로 2길 31호,1973-05-10,F,52,/root/MindPark/database/picture/woman1,19730510
DS0002,백이안,설계,차장,010-7640-6331,user52@example.com,대전시 남구 청춘로 70길 69호,1977-01-10,M,48,/root/MindPark/database/picture/man14,19770110
DS0003,김나윤,설계,과장,010-5253-5358,user53@example.com,부산시 남구 중앙로 21길 44호,1990-09-16,M,35,/root/MindPark/database/picture/man6,19900916
DS0004,이태하,설계,대리,010-8035-8694,user54@example.com,대구시 동구 문화로 11길 60호,1979-10-17,F,46,/root/MindPark/database/picture/woman6,19791017
DS0005,정하린,설계,대리,010-3262-3426,user55@example.com,수원시 남구 백제대로 82길 72호,1984-01-07,M,41,/root/MindPark/database/picture/man1,19840107
DS0006,조윤호,설계,주임,010-7773-8573,user56@example.com,인천시 북구 백제대로 53길 97호,1972-01-08,M,53,/root/MindPark/database/picture/man13,19720108
DS0007,박채민,설계,주임,010-7499-2533,user57@example.com,대구시 수성구 소프트웨어로 20길 57호,1994-07-21,M,31,/root/MindPark/database/picture/man5,19940721
DS0008,황지환,설계,사원,010-8949-4856,user58@example.com,대구시 해운대구 중앙로 88길 94호,1981-12-08,M,44,/root/MindPark/database/picture/man5,19811208
DS0009,강예준,설계,사원,010-3676-1567,user59@example.com,부산시 중구 광안로 49길 12호,1983-08-27,M,42,/root/MindPark/database/picture/man6,19830827
DS0010,윤지원,설계,사원,010-8552-7638,user60@example.com,대전시 북구 백제대로 25길 25호,2000-12-16,M,25,/root/MindPark/database/picture/man4,20001216
SA0001,김지호,안전,부장,010-5343-5887,user61@example.com,세종시 서구 문화로 27길 20호,1992-02-07,M,33,/root/MindPark/database/picture/man13,19920207
SA0002,이유진,안전,차장,010-5994-1228,user62@example.com,수원시 서구 청춘로 72길 19호,1981-01-07,M,44,/root/MindPark/database/picture/man15,19810107
SA0003,박태양,안전,과장,010-3752-3641,user63@example.com,부산시 달서구 중앙로 97길 33호,1979-09-16,F,46,/root/MindPark/database/picture/woman4,19790916
SA0004,최유하,안전,대리,010-2790-9636,user64@example.com,대구시 달서구 문화로 73길 86호,1991-06-01,M,34,/root/MindPark/database/picture/man11,19910601
SA0005,정서윤,안전,대리,010-9552-5997,user65@example.com,세종시 북구 한빛로 49길 97호,1979-11-04,M,46,/root/MindPark/database/picture/man2,19791104
SA0006,강도현,안전,주임,010-6622-2064,user66@example.com,창원시 서구 중앙로 89길 77호,1987-05-04,M,38,/root/MindPark/database/picture/man8,19870504
SA0007,윤하진,안전,주임,010-6178-7143,user67@example.com,서울시 북구 무역로 80길 47호,1979-01-12,M,46,/root/MindPark/database/picture/man4,19790112
SA0008,조연우,안전,사원,010-7159-1174,user68@example.com,인천시 달서구 광안로 51길 36호,1972-10-05,M,53,/root/MindPark/database/picture/man5,19721005
SA0009,임가은,안전,사원,010-6626-6291,user69@example.com,수원시 북구 백제대로 88길 27호,1976-03-05,F,49,/root/MindPark/database/picture/woman8,19760305
SA0010,서나윤,안전,사원,010-9416-8073,user70@example.com,대구시 해운대구 청춘로 11길 24호,1975-09-25,M,50,/root/MindPark/database/picture/man13,19750925
CM0001,오민지,공무,부장,010-9750-4968,user71@example.com,부산시 팔달구 중앙로 72길 36호,1988-09-20,M,37,/root/MindPark/database/picture/man12,19880920
CM0002,배시우,공무,차장,010-5768-8442,user72@example.com,부산시 강서구 무역로 57길 3호,1980-05-10,M,45,/root/MindPark/database/picture/man10,19800510
CM0003,신예진,공무,과장,010-2449-2670,user73@example.com,세종시 팔달구 한빛로 18길 44호,1994-02-03,F,31,/root/MindPark/database/picture/woman6,19940203
CM0004,하주아,공무,대리,010-5691-4282,user74@example.com,인천시 강서구 청춘로 94길 27호,1979-09-04,M,46,/root/MindPark/database/picture/man15,19790904
CM0005,문시윤,공무,대리,010-2427-3891,user75@example.com,세종시 수성구 문화로 96길 98호,1998-04-11,M,27,/root/MindPark/database/picture/man3,19980411
CM0006,권지안,공무,주임,010-6697-5433,user76@example.com,인천시 팔달구 백제대로 83길 74호,1991-12-26,F,34,/root/MindPark/database/picture/woman7,19911226
CM0007,장태윤,공무,주임,010-9872-9886,user77@example.com,서울시 달서구 한강로 93길 21호,1981-03-21,M,44,/root/MindPark/database/picture/man5,19810321
CM0008,유세아,공무,사원,010-2227-9280,user78@example.com,부산시 중구 무역로 45길 53호,1971-03-01,M,54,/root/MindPark/database/picture/man14,19710301
CM0009,노지환,공무,사원,010-9683-5481,user79@example.com,울산시 중구 백제대로 27길 95호,1989-01-07,M,36,/root/MindPark/database/picture/man11,19890107
CM0010,송유정,공무,사원,010-5670-2671,user80@example.com,부산시 수성구 삼성로 77길 69호,1994-12-28,F,31,/root/MindPark/database/picture/woman8,19941228
AD0001,한예주,관리,부장,010-5964-5158,user81@example.com,대전시 남구 삼성로 23길 94호,1972-03-14,M,53,/root/MindPark/database/picture/man1,19720314
AD0002,백하민,관리,차장,010-5997-5077,user82@example.com,대구시 북구 한빛로 80길 89호,1987-12-27,M,38,/root/MindPark/database/picture/man14,19871227
AD0003,김유진,관리,과장,010-3243-5056,user83@example.com,부산시 팔달구 한빛로 29길 26호,1986-04-01,M,39,/root/MindPark/database/picture/man3,19860401
AD0004,이재윤,관리,대리,010-4079-5429,user84@example.com,서울시 서구 청춘로 34길 100호,1972-06-15,M,53,/root/MindPark/database/picture/man2,19720615
AD0005,정예나,관리,대리,010-1333-9216,user85@example.com,부산시 서구 광안로 69길 82호,1975-11-18,F,50,/root/MindPark/database/picture/woman7,19751118
AD0006,조지호,관리,주임,010-7268-5966,user86@example.com,서울시 해운대구 중앙로 4길 32호,1987-05-14,F,38,/root/MindPark/database/picture/woman2,19870514
AD0007,박나현,관리,주임,010-5637-7648,user87@example.com,대전시 해운대구 백제대로 66길 85호,2000-12-17,M,25,/root/MindPark/database/picture/man1,20001217
AD0008,황태율,관리,사원,010-7794-9724,user88@example.com,수원시 해운대구 청춘로 58길 57호,1983-02-23,M,42,/root/MindPark/database/picture/man15,19830223
AD0009,강수아,관리,사원,010-4730-8413,user89@example.com,수원시 달서구 무역로 8길 89호,1980-06-02,M,45,/root/MindPark/database/picture/man7,19800602
AD0010,윤지민,관리,사원,010-5931-2627,user90@example.com,서울시 동구 백제대로 79길 28호,1977-05-05,M,48,/root/MindPark/database/picture/man12,19770505
EN0001,김하율,환경,부장,010-9997-6115,user91@example.com,인천시 해운대구 청춘로 12길 39호,1990-11-12,F,35,/root/MindPark/database/picture/woman7,19901112
EN0002,이아린,환경,차장,010-2824-8827,user92@example.com,서울시 북구 한빛로 15길 68호,1975-06-12,M,50,/root/MindPark/database/picture/man5,19750612
EN0003,박서윤,환경,과장,010-1558-1824,user93@example.com,창원시 북구 광안로 83길 97호,1984-04-28,M,41,/root/MindPark/database/picture/man6,19840428
EN0004,최다인,환경,대리,010-2412-2063,user94@example.com,수원시 수성구 한강로 22길 37호,1979-03-21,M,46,/root/MindPark/database/picture/man9,19790321
EN0005,정주원,환경,대리,010-8478-9922,user95@example.com,인천시 달서구 한빛로 21길 43호,1983-05-07,M,42,/root/MindPark/database/picture/man7,19830507
EN0006,강태윤,환경,주임,010-8107-6899,user96@example.com,서울시 해운대구 백제대로 3길 96호,1984-07-10,F,41,/root/MindPark/database/picture/woman4,19840710
EN0007,윤지안,환경,주임,010-3049-9068,user97@example.com,대전시 달서구 청춘로 12길 86호,2000-02-15,M,25,/root/MindPark/database/picture/man3,20000215
EN0008,조유리,환경,사원,010-3840-8599,user98@example.com,대구시 강서구 소프트웨어로 45길 36호,1982-01-12,F,43,/root/MindPark/database/picture/woman1,19820112
EN0009,임세아,환경,사원,010-5768-4524,user99@example.com,대구시 동구 청춘로 2길 75호,1980-09-28,F,45,/root/MindPark/database/picture/woman4,19800928
EN0010,서도윤,환경,사원,010-8848-7262,user100@example.com,창원시 달서구 문화로 56길 52호,1996-05-21,M,29,/root/MindPark/database/picture/man12,19960521
